{"cameraMode":{"drawMode":0,"name":"Shaded","section":"Shading Mode"},"sceneLighting":true,"audioPlay":false,"sceneViewState":{"showFog":true,"showMaterialUpdate":false,"showSkybox":true,"showFlares":true,"showImageEffects":true,"showParticleSystems":true},"in2DMode":false,"pivot":{"x":-1.564441204071045,"y":0.7830480933189392,"z":-0.9227333068847656},"rotation":{"x":0.022798363119363786,"y":0.028798596933484079,"z":-0.0006571154808625579,"w":0.999328076839447},"size":5.814002513885498,"orthographic":false}