{"cameraMode":{"drawMode":0,"name":"Shaded","section":"Shading Mode"},"sceneLighting":true,"audioPlay":false,"sceneViewState":{"showFog":true,"showMaterialUpdate":false,"showSkybox":true,"showFlares":true,"showImageEffects":true,"showParticleSystems":true},"in2DMode":false,"pivot":{"x":43.788818359375,"y":1.4594277143478394,"z":28.0},"rotation":{"x":0.13994352519512177,"y":0.15930163860321046,"z":-0.02283383347094059,"w":0.976993978023529},"size":3.0232670307159426,"orthographic":false}