{"cameraMode":{"drawMode":0,"name":"Shaded","section":"Shading Mode"},"sceneLighting":true,"audioPlay":false,"sceneViewState":{"showFog":true,"showMaterialUpdate":false,"showSkybox":true,"showFlares":true,"showImageEffects":true,"showParticleSystems":true},"in2DMode":false,"pivot":{"x":16.86713218688965,"y":3.9392197132110597,"z":16.665620803833009},"rotation":{"x":0.3374084532260895,"y":-0.6018405556678772,"z":0.31058037281036379,"w":0.6538549661636353},"size":9.723533630371094,"orthographic":false}