{"cameraMode":{"drawMode":0,"name":"Shaded","section":"Shading Mode"},"sceneLighting":true,"audioPlay":false,"sceneViewState":{"showFog":true,"showMaterialUpdate":false,"showSkybox":true,"showFlares":true,"showImageEffects":true,"showParticleSystems":true},"in2DMode":false,"pivot":{"x":24.676136016845704,"y":-1.9115991592407227,"z":11.249021530151368},"rotation":{"x":0.3374084532260895,"y":-0.6018405556678772,"z":0.31058037281036379,"w":0.6538549661636353},"size":9.723533630371094,"orthographic":false}