{"cameraMode":{"drawMode":0,"name":"Shaded","section":"Shading Mode"},"sceneLighting":false,"audioPlay":false,"sceneViewState":{"showFog":true,"showMaterialUpdate":false,"showSkybox":false,"showFlares":true,"showImageEffects":true,"showParticleSystems":true},"in2DMode":false,"pivot":{"x":0.1914445161819458,"y":0.9888551235198975,"z":-0.006228923797607422},"rotation":{"x":0.002103168983012438,"y":-0.005404350347816944,"z":0.00003864875907311216,"w":-1.000035047531128},"size":1.8923954963684083,"orthographic":false}