{"cameraMode":{"drawMode":0,"name":"Shaded","section":"Shading Mode"},"sceneLighting":true,"audioPlay":false,"sceneViewState":{"showFog":true,"showMaterialUpdate":false,"showSkybox":true,"showFlares":true,"showImageEffects":true,"showParticleSystems":true},"in2DMode":false,"pivot":{"x":29.829740524291993,"y":0.3543626070022583,"z":12.544363021850586},"rotation":{"x":0.18486841022968293,"y":-0.7657430171966553,"z":0.2518042027950287,"w":0.5621898174285889},"size":2.6673362255096437,"orthographic":false}