{"cameraMode":{"drawMode":0,"name":"Shaded","section":"Shading Mode"},"sceneLighting":false,"audioPlay":false,"sceneViewState":{"showFog":true,"showMaterialUpdate":false,"showSkybox":false,"showFlares":true,"showImageEffects":true,"showParticleSystems":true},"in2DMode":false,"pivot":{"x":1.90498948097229,"y":1.4147989749908448,"z":6.056554794311523},"rotation":{"x":-0.21361811459064485,"y":-0.5010979175567627,"z":0.12918195128440858,"w":-0.8286067247390747},"size":11.715533256530762,"orthographic":false}