{"cameraMode":{"drawMode":0,"name":"Shaded","section":"Shading Mode"},"sceneLighting":true,"audioPlay":false,"sceneViewState":{"showFog":true,"showMaterialUpdate":false,"showSkybox":true,"showFlares":true,"showImageEffects":true,"showParticleSystems":true},"in2DMode":false,"pivot":{"x":11.960052490234375,"y":-15.593174934387207,"z":24.311500549316408},"rotation":{"x":-0.24516768753528596,"y":0.6995452046394348,"z":-0.2818610668182373,"w":-0.6093249917030335},"size":23.920150756835939,"orthographic":false}